X1,X2,X3,X4,X5,group
0,0,0,0.3992583210878948,0.47742886087136005,A
1,0,0,0.7797946965555991,0.43433933850018214,A
0,1,0,0.6014585274993918,0.40248885382979466,A
1,1,0,0.30901529182323617,0.7464566332065773,A
0,0,1,0.6918023061070017,0.5548162293488403,A
1,0,1,0.6197860357368107,0.5553806603670698,A
0,1,1,0.4216453469741158,0.269181028981235,A
1,1,1,0.45805295899228293,0.5034777211668651,A
0.4949364634230733,0.8202141041401774,0.7539097825065255,0.6757014374065669,0.7099629916963618,A
0.738856986630708,0.21086109010502696,0.2305584428831935,0.40721586812727967,0.5121526108631186,A
0.700726730749011,0.04734687623567879,0.5672460703644902,0.5401571625510847,0.5766693128461304,A
0.8142805071547627,0.27940696384757757,0.7327663004398346,0.7962868714291892,0.614939734450544,A
0.7463810627814382,0.014698719372972846,0.9801985046360642,0.0810996200516056,0.5336894559363821,A
0.2605755254626274,0.8472830208484083,0.3861440427135676,0.5027049545365678,0.2631758859006256,A
0.41545411432161927,0.4288537804968655,0.16417749412357807,0.539662024037299,0.5244524376436577,A
0.7437066610436887,0.39327317802235484,0.48944406514056027,0.5699438356644323,0.2533810386479247,A
0.4328951125498861,0.42199513618834317,0.832310191122815,0.4018689164573262,0.592440246288323,A
0.16469563264399767,0.7195414889138192,0.6809885848779231,0.7097654903640401,0.5186918494755121,A
0.7025345978327096,0.24988393718376756,0.9133826615288854,0.654322722422965,0.2801961937223371,A
0.46794447931461036,0.9655135262291878,0.5172507020179182,0.9873068613109356,0.6350047295001664,A
0.6923595264088362,0.7671167720109224,0.7143188714981079,0.4007073755832831,0.5220355849923713,A
0.6835034224204719,0.0926972059533,0.4178131464868784,0.6914394693854137,0.5684529762187402,A
0.2151482126209885,0.9694434923585504,0.15694283950142562,0.5926099242187604,0.6375578531849149,A
0.8292813994921744,0.09817166021093726,0.5267363989260048,0.5281868054728387,0.4735877388623654,A
0.4267118170391768,0.09575964324176311,0.4998650348279625,0.5906625026219724,0.6797865072700837,A
0.4687596745789051,0.8234557614196092,0.020606838399544358,0.6383342243229709,0.26537663351395474,A
0.14389988547191024,0.7563768406398594,0.38738474645651877,0.7247588978475217,0.843743348363977,A
0.7833960964344442,0.8444166283588856,0.5083671803586185,0.47567022870386344,0.658180959973675,A
0.03956032148562372,0.8573408764787018,0.34928997000679374,0.8342569843321497,0.677880893968535,A
0.20810521394014359,0.3999703652225435,0.5399365471675992,0.2691567783551746,0.7198129978814937,A
0.7396953231655061,0.438815908273682,0.1385834466200322,0.69206518488505,0.47081543069633613,A
0.9705663369968534,0.9803347503766418,0.4073410138953477,1,0.6249490391316448,A
0.2429063217714429,0.9645715036895126,0.29467459698207676,0.7016277703822762,0.23975816403187797,A
0.36405725684016943,0.9749097393359989,0.729590218514204,0.5955282552081074,0.5333099770766809,A
0.43797314795665443,0.7827544612810016,0.4822925650514662,0.7616573854465328,0.2919118315730829,A
0.2620700828265399,0.3571009717416018,0.11667516664601862,0.6942310202089095,0.2890110889606831,A
0.834672226337716,0.05224779061973095,0.11269659618847072,0.5615698243670775,0.7650277408226434,A
0.09032892994582653,0.7471231131348759,0.9753807142842561,0.7781035413568481,0.6199618541852071,A
0.794242950854823,0.5563255958259106,0.7804976261686534,0.6768927909819952,0.6007614522868375,A
0.6975531873758882,0.75961729651317,0.6630589058622718,0.2805931154370569,0.6370741205127172,A
0.742432952625677,0.7595135481096804,0.5070403593126684,0.636474680185317,0.23309751393102365,A
0.7759954787325114,0.35988182039000094,0.96608274593018,0.5945609729548574,0.6231676152402443,A
0.979961299104616,0.5039633782580495,0.9033195066731423,0.6619850682086565,0.6625774771345924,A
0.8092981388326734,0.42617331189103425,0.2816351361107081,0.4766110104583149,0.5921466872320772,A
0.8865366522222757,0.25383827509358525,0.8235851887147874,0.4194253642480827,0.8924918437655883,A
0.5586687054019421,0.9919598649721593,0.6438187200110406,0.4514070181181437,0.31717776022664657,A
0.13070677174255252,0.042023285292088985,0.2135635695885867,0.446167812775593,0.5459539791048901,A
0.5455159267876297,0.5123725275043398,0.6841837717220187,0.6208640688909608,0.385585843131478,A
0.25648066448047757,0.8314014030620456,0.15021146228536963,0.17508303018394772,0.6270241940799177,A
0.01584714464843273,0.06642244406975806,0.8308391943573952,0.8700979589846286,0.09604738799872908,A
0.2766534222755581,0.933811420109123,0.8146080474834889,0.46113275740375204,0.4195185751631164,A
0.7247503916732967,0.7325214510783553,0.4406965144444257,0.6740573332276277,0.4815946213714807,A
0.6264013911131769,0.2923331740312278,0.48118411330506206,0.7614531656190978,0.5296125531139456,A
0.5480760920327157,0.271960228914395,0.538135455455631,0.6515722939423764,0.6584757819547012,A
0.992720884270966,0.5565260134171695,0.7026144685223699,0.732710465361986,0.7309552568017582,A
0.14614837034605443,0.4121673461049795,0.38632874307222664,0.4011916155421354,0.7279151314545885,A
0.03895805706270039,0.7059440074954182,0.5864766845479608,0.4815360675238816,0.46671707519157885,A
0.5094454705249518,0.6110667299944907,0.10482608596794307,0.16140357676295863,0.5555348807702456,A
0.5568921728990972,0.6292172314133495,0.2020544931292534,0.683595909647868,0.6133933107001356,A
0.4394063150975853,0.10898810159415007,0.7150427335873246,0.5566266293418161,0.5232000517280142,A
0.4113474921323359,0.33055753796361387,0.17996312957257032,0.5604418993595951,0.07879066833862006,A
0.12102129962295294,0.9638072294183075,0.7424060176126659,0.838788968048052,0.7661839908855601,A
0.6866620499640703,0.18815696774981916,0.2410378004424274,0.5585366046095055,0.4076860890648334,A
0.7445230011362582,0.9456227724440396,0.0507282754406333,0.7831860201181411,0.43194266524357,A
0.8168415953405201,0.2707842690870166,0.431227071210742,0.4540637407621575,0.33812407370597697,A
0.9907659336458892,0.4807247982826084,0.8457819398026913,0.09146351473121271,0.3248171394593862,A
0.6566860028542578,0.4031932596117258,0.303591210860759,0.7908071820433075,0.48165432939122566,A
0.6178404591046274,0.054552015382796526,0.4875436525326222,0.5862496392515613,0.46792192592091547,A
0.6012186657171696,0.5558228890877217,0.37099132337607443,0.5805894822227406,0.5427790417751689,A
0.9288514736108482,0.17147411056794226,0.12233722629025578,0.4527907460037734,0.5838474251164708,A
0.9787559844553471,0.9673074164893478,0.4400710160844028,0.8738060816589909,0.7979071710703288,A
0.8124642339535058,0.932522646849975,0.7967532435432076,0.6830216693539417,0.5649361687629487,A
0.740349639672786,0.9245450322050601,0.2352190250530839,0.5823762074866788,0.6782244649284411,A
0.8247552730608732,0.4456654996611178,0.6723724757321179,0.6204251765036943,0.5048221645579546,A
0.5464857583865523,0.8137589853722602,0.6296744272112846,0.8779230775336784,0.4709580460941544,A
0.8720998952630907,0.30554416053928435,0.18430066597647965,0.5602677495246337,0.5099194338530969,A
0.486531057395041,0.26473389472812414,0.8756124211940914,0.4602567819144271,0.6464921319455544,A
0.4796213456429541,0.3891923981718719,0.5700501329265535,0.7511185162954375,0.4152221620912563,A
0.7513023721985519,0.09961836156435311,0.8409301214851439,0.3825451542341366,0.6526946618159143,A
0.26678857463411987,0.5423631153535098,0.8875913680531085,0.5369092667990618,0.47031136399732415,A
0.984561757883057,0.41923336149193347,0.2918561885599047,0.4828966115953898,0.46392536172842075,A
0.313674574252218,0.9083639569580555,0.5288145544473082,0.49433449606529073,0.4821445837018035,A
0.5481809575576335,0.049709975719451904,0.3408257912378758,0.3570935532871627,0.49710254778409807,A
0.1981805064715445,0.8466115789487958,0.6220544523093849,0.530927248688558,0.5219173211872674,A
0.10848001833073795,0.5641886228695512,0.7173082402441651,0.6202803744876434,0.28450323963606744,A
0.5501227413769811,0.5023539811372757,0.1267107524909079,0.5359429087726933,0.5399064357572213,A
0.48929203976877034,0.6928411272820085,0.5417284944560379,0.3014600698447686,0.5371718958517433,A
0.4195635213982314,0.3570963800884783,0.5536703923717141,0.6901124228788468,0.681190854956468,A
0.9484442251268774,0.5627000299282372,0.1394848646596074,0.29713127922734706,0.29665331992693045,A
0.5169961040373892,0.9963537047151476,0.1146664700936526,0.751775885147367,0.5006999164729046,A
0.32636575121432543,0.7468704024795443,0.8207977106794715,0.44842345864122884,0.23180805523802392,A
0.6510537671856582,0.1150827098172158,0.20324820885434747,0.5465954275856821,0.9625510366464158,A
0.5374920694157481,0.2198880345094949,0.21576882456429303,0.7263297144586731,0.5992775294329428,A
0.7661850433796644,0.12657812586985528,0.47488111234270036,0.5206228006424046,0.5751581066916934,A
0.363360338145867,0.7193407176528126,0.983376530231908,0.7899642224083226,0.39059518584926983,A
0.20878731389530003,0.7672964907251298,0.7640117704868317,0.683268414659729,0.6715635036856205,A
0.44876651908271015,0.5145611090119928,0.8115846728906035,0.8169877216112863,0.19333789111100455,A
0.2730412189848721,0.06042004027403891,0.9975585592910647,0.5469916361673427,0.3203175654643158,A
0.7704818064812571,0.6233012932352722,0.13871678058058023,0.7498329975908807,0.4574528553685579,A
0.7559365581255406,0.5628920278977603,0.09823170653544366,0.6280949466837553,0.19586408407343317,A
0.9032089451793581,0.9999934842344373,0.46738019841723144,0.40648418356290145,0.3111427430569929,A
0.7837015390396118,0.7615635730326176,0.07986913016065955,0.3206289295974795,0.7897112409167777,A
0.5582305474672467,0.048595016822218895,0.6216540834866464,0.3635725712669187,0.37454033188421276,A
0.13941449695266783,0.43884881120175123,0.854277805890888,0.6063972134052318,0.147722445620356,A
0.41122258198447526,0.32313715596683323,0.4888324283529073,0.6734487784127478,0.024197308325818602,A
0.3739837910979986,0.42760600382462144,0.5817663441412151,0.5869551009696341,0.577064451564966,A
0.226253651548177,0.3239057420287281,0.9891269591171294,0.4441565519695445,0.4831446769554009,A
0.5451552991289645,0.5263356361538172,0.6642215887550265,0.36062027303013683,0.697820044551512,A
0.2370559312403202,0.8000542509835213,0.8536046175286174,0.9099391511316545,1,A
0.017343759071081877,0.646640864899382,0.8731384014245123,0.24620793613384587,0.5870598259011766,A
0.3082927390933037,0.31132364133372903,0.7026573198381811,0.8647098753712987,0.6505690884687468,A
0.7198963921982795,0.19833510043099523,0.8565749013796449,0.4662037409852963,0.7919543541540075,A
0.37848495692014694,0.6822483201976866,0.8638693119864911,0.3376864576652261,0.5101503538771842,A
0.4365616515278816,0.20886800903826952,0.7970623252913356,0.1767354898209521,0.2890148592615175,A
0.9641944798640907,0.5383797439280897,0.6236141524277627,0.6772766466525987,0.33898404145708116,A
0.8265980808064342,0.15996010275557637,0.7639316939748824,0.6687331085053374,0.5559733311020355,A
0.9943645063322037,0.45494519639760256,0.5023992899805307,0.6867431086726572,0.4221483858820389,A
0.0963266002945602,0.29791566682979465,0.8272382041905075,0.4080202833914815,0.46347313409154317,A
0.9200196086894721,0.6609510662965477,0.6770880646072328,0.2970637972896505,0.43486075211805186,A
0.13354341150261462,0.07202063105069101,0.8602877962402999,0.43462519807365907,0.1571944270593994,A
0.8232868968043476,0.004464346682652831,0.0034677721560001373,0.8454513999807326,0.7416707694494605,A
0.11098826699890196,0.26747599081136286,0.77458917535841465,0.18447790910937553,0.4125268906732733,A
0.4861329144332558,0.4994738786481321,0.012636997969821095,0.7057108698276995,0.7597729978850236,A
0.6991980220191181,0.9301209051627666,0.7906044677365571,0.7050791132669855,0.38782040455981176,A
0.8971148047130555,0.012656433042138815,0.3925056215375662,0.5366278958110071,0.368285698112944,A
0.2186119849793613,0.28603143407963216,0.2594307763502002,0.7010521365259681,0.6637371736198381,A
0.13310663169249892,0.27555503929033875,0.39686032896861434,0.41883288297984816,0.5366244412411797,A
0.9106536447070539,0.36796605749987066,0.1783312833867967,0.3776253272388525,0.953494425374299,A
0.058809516951441765,0.5280237884726375,0.20572951762005687,0.5863112400512226,0.27518171925478857,A
0.7330540716648102,0.2374379001557827,0.7347087229136378,0.8389457418941269,0.20336951874008158,A
0.989249822916463,0.71312058181501925,0.6696658558212221,0.9104510454773354,0.15527465455412773,A
0.7800665637478232,0.46009184629656374,0.15925504337064922,0.6407144646330127,0.5358209241226107,A
0.3459317667875439,0.8245579083450139,0.6296787303872406,0.5261187220011283,0.30908170673592333,A
0.008882225723937154,0.03304299898445606,0.6630177856422961,0.7690028039205531,0.6212992326285073,A
0.8749398875515908,0.6316645531915128,0.1824419244658202,0.09417478226896028,0.02780384687557835,A
0.5114750114735216,0.1654222011566162,0.9793557103257626,0.49068926758200954,0.4655782842504249,A
0.6044711396098137,0.569635140709579,0.050830026157200336,0.7093305787694933,0.5269821760289815,A
0.875687996391207,0.510736170457676,0.33909914921969175,0.8478151869504038,0.1821631622682255,A
0.8711632650811225,0.500065537635237,0.30734831071458757,0.3050956836881587,0.5345215621673823,A
0.2839038413949311,0.05828881682828069,0.897529773414135,0.645196455902477,0.41431674767325616,A
0.6012874350417405,0.6710277171805501,0.6995977996848524,0.41791946391993856,0.31724186231309653,A
0.5188123139087111,0.49600891466252506,0.6743905870243907,0.3541309177225214,0.6030224161369605,A
0.6874518494587392,0.34000938199460506,0.683604093734175,0.6365606380376918,0.36202831106079647,A
0.8972364156506956,0.5451445009093732,0.17927194037474692,0.7155236373811033,0.2895935924760938,A
0.8784152930602431,0.7351519905496389,0.38701492827385664,0.17456494425736657,0.3412544603673594,A
0.7645914556924254,0.605252364417538,0.7236314066685736,0.2615870327708588,0.6700450975691392,A
0.5540421456098557,0.3931267268490046,0.2528112444560975,0.1628605487307126,0.534103250624482,A
0.12406900036148727,0.9611460375599563,0.7057207908947021,0.6560244693965522,0.5282065525165563,A
0.9036436774767935,0.8074278065469116,0.14978263340890408,0.6854083977999682,0.8393202923315736,A
0.515962426783517,0.7359169223345816,0.960728220641613,0.3342964155937365,0.5191150999653862,A
0.3197789737023413,0.5498514121863991,0.15207999967969954,0.7046078752876912,0.5237344933627184,A
0.5071254391223192,0.8338460919912905,0.11757365916855633,0.5963595863672309,0.5915826434982778,A
0.750224549556151,0.016772689996287227,0.6361705774907023,0.369650293161211,0.6056255349134775,A
0.9560083807446063,0.6500079680699855,0.00460982765071094,0.5727968997865329,0.6995558065452593,A
0.8539627422578633,0.8224014481529593,0.4818427169229835,0.3028633670520389,0.5105860921511025,A
0.7701377789489925,0.5285581352654845,0.7978863490279764,0.3418909627582698,0.4319203652941316,A
0.015627046348527074,0.31922251963987947,0.9243380064144731,0.49506886471977446,0.7066385738694859,A
0.21828319691121578,0.17011400521732867,0.35537541983649135,0.6125847784249024,0.6604454119692262,A
0.03518344508484006,0.19317370420321822,0.8723860133904964,0.5005861158363829,0.4142080802611377,A
0.1692008764948696,0.7454716595821083,0.45851973933167756,0.9776700551430962,0.4446804864337755,A
0.16332877287641168,0.23355223843827844,0.5111224737484008,0.252948193703259,0.5801401711291378,A
0.8170525103341788,0.6787763696629554,0.8069210792891681,0.45129118223245296,0.7094784604635275,A
0.28622917365282774,0.8472320204600692,0.11314633744768798,0.31391965423534884,0.4891467866969668,A
0.5126706277951598,0.8202904036734253,0.9540539032313973,0.33267512170448066,0.5683238296103329,A
0.022114094346761703,0.053932293551042676,0.8802863573655486,0.6219259468549693,0.5595447676332093,A
0.9131692450027913,0.49574093823321164,0.5720274241175503,0.7815684558639865,0.6717067200323974,A
0.10474879038520157,0.7652368617709726,0.16427284688688815,0.33570705180355187,0.5834461926428978,A
0.5420076616574079,0.8043223121203482,0.9867360484786332,0.31209682189422405,0.5687785401100205,A
0.7744299294427037,0.9792862175963819,0.4309670019429177,0.6605409531451786,0.2394605724174575,A
0.4509919604752213,0.13348140637390316,0.9920371070038527,0.5040407753088291,0.5252449408470947,A
0.07660743710584939,0.9767033464740962,0.5294680476654321,0.6580181207956697,0.3991471525446851,A
0.067068743519485,0.13247257960028946,0.08344520861282945,0.34854298786913546,0.40165078225810824,A
0.6093845192808658,0.9859801174607128,0.5371510407421738,0.6197975687596536,0.33641383423065774,A
0.7705002499278635,0.19387342035770416,0.1042212713509798,0.4205579255625838,0.48793130131637896,A
0.11891475250013173,0.27844288805499673,0.6202374030835927,0.5376015740410149,0.6055614874378841,A
0.9100122870877385,0.4001272125169635,0.47815608978271484,0,0.6226033821809296,A
0.939737505512312,0.3855016836896539,0.4142043786123395,0.34620843321866485,0.45986165191356915,A
0.8472394258715212,0.4763479365501553,0.3425537091679871,0.42042409471060055,0.6093423271344689,A
0.4911308146547526,0.38719218550249934,0.732541473582387,0.37907838635961044,0.8358429910431513,A
0.8458922940772027,0.3948044462595135,0.6051344701554626,0.5565407303808593,0.66848510878488,A
0.8782627915497869,0.3746144878678024,0.9303683461621404,0.9938923500082533,0.45135744546778817,A
0.5378787564113736,0.31912068789824843,0.2137643734458834,0.968848402022742,0.4532446670411345,A
0.11649371939711273,0.49504535901360214,0.24147991882637143,0.4967899684730361,0.5332247935277316,A
0.6433169327210635,0.6198750659823418,0.96230093645863235,0.6177297574710879,0.6843884604415409,A
0.09990052250213921,0.3703447147272527,0.2265812896657735,0.25117954503740986,0.6933307584925791,A
0.5153770924080163,0.5171260840725154,0.7950468184426427,0.4763076006704184,0.6855802544363391,A
0.45866330387070775,0.18274489743635058,0.8368032402358949,0.5178530456865599,0.3649552490169971,A
0.7224830209743232,0.5582537662703544,0.6967242814134806,0.37752772489315584,0.5114542130094795,A
0.23196847783401608,0.1347996557597071,0.04746233741752803,0.4948842775523494,0.40048854581574245,A
0.10298206354491413,0.24044880690053105,0.9039370873942971,0.7810625375073861,0.6341460259123984,A
0.10210790415294468,0.39600238553248346,0.565187158761546,0.411482711713128,0.3211523324093427,A
0.09556632186286151,0.039983960799872875,0.5478951900731772,0.405692447522669,0.5405333075181107,A
0.3825922484975308,0.6504404819570482,0.6563640460371971,0.7215446709520186,0.6841218478134963,A
0.5977505112532526,0.6347287765238434,0.21638433495536447,0.47607126628993096,0.4827529652499159,A
0.0831080253701657,0.2267970524262637,0.13444903306663036,0.44500508223243274,0.5358676014725342,A
0.062257613055408,0.29230151511728764,0.6660269785206765,0.5079177841115515,0.452168774369876,A
0.2756787925027311,0.44057998759672046,0.49558354378677905,0.7500914706767642,0.506135091961948,A
0.10746258380822837,0.7876246375963092,0.8778666211292148,0.5822479319519109,0.4643393583256307,A
0.7575248433277011,0.2000914472155273,0.8018688918091357,0.36360610249436265,0.5053226963904647,A
0.33680998301133513,0.026220652973279357,0.35352658363990486,0.5975968117384407,0.5085711127300958,A
0.9088962490204722,0.13477283925749362,0.8258547158911824,0.5662713005938778,0.5998696428222069,A
0.4294029597658664,0.6747089922428131,0.7284754838328809,0.34078614215852504,0.7591300408542916,A
0.0314537757076323,0.5113682074006647,0.8859735559672117,0.702388255819676,0.6387323030839124,A
0.12214365089312196,0.21302907378412783,0.6145819779485464,0.5046543160444792,0.4287070122036169,A
0.868982283398509,0.34611606039106846,0.20491313328966498,0.3508558038303616,0.3537223236704217,A
0.13408645312301815,0.5962351125199348,0.3663360239006579,0.6381186893121272,0.4438272127473789,A
0.6471649208106101,0.41925241705030203,0.049019338795915246,0.24792779234475526,0.5884454147696764,A
0.3498216471634805,0.5609858769457787,0.1861014983151108,0.588503154987808,0.5263713207558591,A
0.9498062606435269,0.7975265013519675,0.10507178353145719,0.6997491791091951,0.5393560820587076,A
0.42924857418984175,0.06677400856278837,0.8761604686733335,0.6012204565240244,0.3597818586870941,A
0.006711079739034176,0.14788345620036125,0.5296646654605865,0.30730046393684524,0.17898583703077453,A
0.41082270187325776,0.5080770298372954,0.5197376301512122,0.3524418114744365,0.4171289791013385,A
0.16481233458034694,0.8708947815466672,0.5471710206475109,0.5265267335084476,0.5397808243387231,A
0.06233884207904339,0.3340738194528967,0.39399045635946095,0.6850491712789692,0.3757313621841548,A
0.12962191691622138,0.6355302648153156,0.8492910997010767,0.42914530479731766,0.3985309347331451,A
0.33127751341089606,0.39946305146440864,0.2927564661949873,0.6053976469534645,0.7265232100929963,A
0.11690249433740973,0.5733191992621869,0.507127882912755,0.36989037190360124,0.6028882809934334,A
0.7888326535467058,0.8345426798332483,0.9181249893736094,0.33947477981008767,0.6675350448609758,A
0.2538802167400718,0.4278460822533816,0.8995200169738382,0.5455290668055344,0.617825577613967,A
0.2583770356141031,0.5956987892277539,0.22161674103699625,0.3191589316108147,0.3120174437938586,A
0.7488976831082255,0.46625493047758937,0.1649477807804942,0.49666883358553593,0.5599790235529417,A
0.44221567269414663,0.15783739648759365,0.1126049340236932,0.7662930740280278,0.3489020184074486,A
0.5468240443151444,0.5068269425537437,0.2316027795895934,0.9021672435472602,0.6867572044616297,A
0.9613465289585292,0.16444638464599848,0.5040257119107991,0.7220331160907155,0.2892583615164555,A
0.09635645756497979,0.17782925837673247,0.4988391750957817,0.6805243492257884,0.22497819463248053,A
0.0725578754208982,0.5889468765817583,0.2409355496056378,0.6336244227179656,0.39386065767828615,A
0.9963237072806805,0.17324846819974482,0.22323296149261296,0.35997358378114425,0.3625935296038261,A
0.2042466732673347,0.6754080525133759,0.3157641456928104,0.9164853573475112,0.22438985539117695,A
0.1430706032551825,0.3373632184229791,0.7191919463220984,0.6124650426298888,0.6038413560244384,A
0.6393748146947473,0.9700036635622382,0.09735402441583574,0.20330970844425544,0.36394082482212475,A
0.7642640084959567,0.15656896028667688,0.43015251448377967,0.8021263518639775,0.42090697619033374,A
0.6070253343787044,0.4686559643596411,0.5347405504435301,0.929092722231133,0.7776310384136353,A
0.6884135850705206,0.927679528715089,0.004590955097228289,0.5414280026577004,0.35910531409361107,A
0.053496364736929536,0.7364796272013336,0.17325046379119158,0.4651355081145195,0.7588741645956668,A
0.03808446344919503,0.9675376161467284,0.9999048521276563,0.5859286801093729,0.4150562703633974,A
0.946740836603567,0.21310930815525353,0.5011636454146355,0.47759224669597466,0.32362949583165507,A
0.7669058830942959,0.9647232792340219,0.7339694995898753,0.3681664177725073,0.33990720376846356,A
0.2735006541479379,0.39542301860637963,0.74675999651663,0.5327001506791194,0.5900425806548717,A
0.9559618625789881,0.4055392472073436,0.4462661794386804,0.4472355968833205,0.6839978568496122,A
0.884448446566239,0.745200214209035,0.31119679217226803,0.5922813970041009,0.4978778445325473,A
0.3705081664957106,0.7253855012822896,0.2700638002716005,0.7148776066621106,0.6003035214542338,A
0.08333663642406464,0.23177020880393684,0.36543630296364427,0.7517798850673532,0.31150237504484557,A
0.20862867077812552,0.3048531240783632,0.05551164108328521,0.9327581539845979,0.684094122727044,A
0.05394828110001981,0.7216016557067633,0.659686905099079,0.43623050974302113,0.766217568390571,A
0.3527300897985697,0.48296668706461787,0.8848905987106264,0.45003932206949715,0.5206777637876349,A
0.5560840105172247,0.5194512580055743,0.9621237164828926,0.4640754892781996,0.7769229797532936,A
0.6107596755027771,0.7301737163215876,0.6234097625128925,0.8298472097628424,0.5488201519939229,A
0.008098087040707469,0.6459700728300959,0.06897914689034224,0.5015421843316743,0.4970143017664074,A
0.006171117536723614,0.17258422309532762,0.06196452002041042,0.6005923233396986,0.5527881529322051,A
0.9151040727738291,0.35139197460375726,0.08760205912403762,0.4903790612127122,0.34162264146904237,A
0.8825166934767773,0.6803706399618565,0.9268998943490878,0.47176826712633424,0.3893816320407478,B
0.651677644061927,0.2742029448193694,0.9562407881986656,0.45016010284251967,0.33231323019866976,B
0.3142507670460323,0.5229814280435177,0.7415013431479576,0.4165665654349968,0.3686869477706431,B
0.5475260326175184,0.9950802658329078,0.36580770293978393,0.6303953954155805,0.6649178807494726,B
0.29143657659122946,0.2269892750843543,1.2872497612243018e-4,0.11638279863427319,0.5078108328319265,B
0.46644530059292233,0.10499598527965928,0.9732069799811376,0.5133797671554193,0.48639879137073533,B
0.7296544314165954,0.9326451827938433,0.30235348578652144,0.5679760667524144,0.36397915540749665,B
0.7702294494706023,0.8176709967029722,0.9366097446508441,0.58165523645881545,0.5249896925548656,B
0.6462247052990234,0.3197036623760211,0.1174789506735799,0.541568270780992,0.5763596865106916,B
0.5770737944749137,0.8277232432686595,1,0.5739490261054282,0.6424419748217972,B
0.481498355890861,0.09046544732196163,0.9576873044274942,0.37563901162382807,0.459063629308168,B
0.3418820884429096,0.25095778987222916,0.018099432947719034,0.4749886764764988,0.5709688288572452,B
0.4634848023770112,0.9982388019373921,0.394402144758549,0.31442983861075136,0.5744260038697205,B
0.14738936668296135,0.1532583750364347,0.31027671441276083,0.5041851510605477,0.5063547545582554,B
0.5446904855918705,0.21988465687645614,0.030674133304862204,0.47211076287100584,0.3096970967327911,B
0.2677683617281795,0.14667353785273973,0.9354958774953781,0.19903221363619175,0.6390501470333878,B
0.45545049039604985,0.711626282813291,0.14168819465029273,0.46394069541458377,0.4898273305782175,B
0.4689133620992783,0.02653154782223923,0.8099903878100356,0.4981068716196042,0.5471910215510553,B
0.3281730038492913,0.6897975593518655,0.9440120793645461,0.5818193124194424,0.6202184894970001,B
0.38663611199580084,0.6541183710676983,0.23168986032173675,0.6499460598899077,0.6230503737601328,B
0.05115298637606605,0.26969225594965407,0.5370330630268856,0.6133157792911327,0.5995076028039548,B
0.8493386879534035,0.32841565427634467,0.9768884961480568,0.5992730584402746,0.45886824396187803,B
0.9613895488006015,0.3091765750909748,0.35672807836872944,0.5100341535764578,0.643760316831211,B
0.7597332819370309,0.637958730714957,0.9847652347870631,0.41864807621439887,0.49146936099876365,B
0.7597933205141003,0.07797489269478458,0.29831526793195295,0.66719784543841,0.4726668287728982,B
0.17907008872465618,0.36901048674491915,9.182399381765593e-4,0.6358966977818534,0.72554759022733,B
0.09905693138018896,0.2864308274493391,0.14190407203560246,0.4640843112431611,0.5407621652267908,B
0.7281063735948358,0.8354123064100244,0.04615880994348128,0.6506953931844056,0.3230337713044504,B
0.6736183852924059,0.31910630366535275,0.07659247234496032,0.517931125369547,0.5367479680901104,B
0.08441541990557773,0.23498140171404877,0.30931255693761134,0.7354156416270576,0.7639956790307976,B
0.741098231099788,0.8273665460034189,0.9525709273284164,0.5555632406129274,0.37358856249067485,B
0.6980406985389592,0.28833336355856903,0.9770184247200642,0.23460352087830313,0.3914253499075609,B
0.5741556765590264,0.6934600061570829,0.8279723166538108,0.1800128441981226,0.42595729949682654,B
0.25332747825021756,0.3382741889452726,0.016246258026223283,0.9703809357988398,0.43742468689181246,B
0.36767408338139956,0.6392201339418793,0.22830166322067327,0.7330044664233399,0.7427106291014319,B
0.9850919319541349,0.35731161921694254,0.48221700881518004,0.3345335704605161,0.2830234690287284,B
0.4385363329785658,0.7751473651254642,0.9755827974631819,0.43997306316724627,0.1624496060463373,B
0.33357161368796945,0.47840649182996536,0.4576384411026627,0.3702869687106633,0.7502817619409031,B
0.44258428953008566,0.9686536026773946,0.21073977342487257,0.49373723988185203,0.5000429514511161,B
0.4055742444690941,0.6858334630227771,0.16512575295543458,0.6043542888373907,0.6580468538931044,B
0.06250753594242787,0.45927799240027556,0.8913260519783918,0.5689972620335868,0.33326231659728645,B
0.38133218847592615,0.2892541384002646,0.0937822829763629,0.5919884922672641,0.3035363088237286,B
0.9307422289408084,0.44331145035092334,0.9074146907793943,0.5920315270009963,0.4931265899852149,B
0.19985621536296957,0.8372461719712241,0.8571654175662596,0.5132308843477996,0.6450507389231057,B
0.8823454509352995,0.4758972520204147,0.019335315842115265,0.62427652239910425,0.4476952713339987,B
0.6531947114476564,0.34209352980748525,0.1500113585349799,0.4522712081433976,0.3140427502445096,B
0.3698296214547849,0.3577958282557369,0.25151257426606466,0.7195199427758641,0.4003585563807779,B
0.7064353184341382,0.6525487169659393,0.9423955424460935,0.23721359396518887,0.544448716731016,B
0.7081884475964302,0.7059148528350443,0.015893764724558456,0.5357726649990244,0.6409567319609621,B
0.28971652378116486,0.9521957621079904,0.3917461833484835,0.7570454113851416,0.6265100673228422,B
0.2152774746997314,0.4536371952739176,0.019762765152592357,0.567742063392501,0.6407168671860082,B
0.9376895107332534,0.5353455426743389,0.10471110414600203,0.5099091956592874,0.3403960567198751,B
0.23845008722131103,0.7307758363791185,0.0020684213764603243,0.6398228548306829,0.39183807833646256,B
0.5577564171795593,0.9822772645102054,0.27637696941223916,0.517496697129093,0.29414710132964556,B
0.5893984993154675,0.9845465289141541,0.6765000907942741,0.5682549229706938,0.5253390312866417,B
0.5121586189807151,0.17538458945566485,0.0025502461730147353,0.49191863078183795,0.4755266887547856,B
0.6632765020839964,0.5503659157842918,0.5955264303900711,0.22727104279780447,0.3070851542904695,B
0.43515712473161433,0.714237783566213,0.8790450996059848,0.6175459586464935,0.5248470932762984,B
0.33094470241652735,0.5666124270469314,0.2864391040186461,0.727259785010311,0.30681513276480754,B
0.12600373109550284,0.45958997406290725,0.015288033638127172,0.8081023186332936,0.6490291813416557,B
1,0.547640701875941,0.4259106164605591,0.3682757704531364,0.3733005608786637,B
0.5417622377135111,0.24935039224770814,0.9271919814608549,0.57222547532479,0.36897524960377126,B
0.02618390389077507,0.6014114453264771,0.2794211160397778,0.6096693437594328,0.38425209072007666,B
0.6945445675377427,0.6634898905065182,0.06155438122102765,0.5601178588010098,0.40680374558097804,B
0.6583335241774342,0.4243649643869272,0.6200391869146308,0.3975216494552837,0.689447159144808,B
0.70606527880955,0.3360300718623486,0.9455795681759777,0.5845613984191054,0.6465699072506269,B
0.17931417901677962,0.2085488316899715,0.08691937944481762,0.6476555431219736,0.286844222429522,B
0.17175759606508587,0.5831456070527381,0.9998334232044614,0.48814163299405167,0.36663522563901546,B
0.0476480520160718,0.5001353360205745,0.8560879076541366,0.924668147623966,0.5106408482267336,B
0.540419559118826,0.1523046074712064,0.9994683807942499,0.7309426015682948,0.42925471319421327,B
0.8315532768726814,0.5655319528097543,2.0272097936590934e-5,0.15100532090800825,0.46053842097524944,B
0.2807760459396178,0.1914420028445355,0.9866320789432692,0.8405892730332678,0.3154446875733686,B
0.48433827939212276,0.25256134025610577,0.08417524145725577,0.5877639851669099,0.7095652926119603,B
0.09189916266893162,0.40166738719648193,0.9325856395749593,0.3504575147108351,0.6152727643135207,B
0.8012467703977814,0.4163710161536898,0.00561755358007019,0.680317744819555,0.49868488142605016,B
0.5107299576399215,0.0662157225384461,0.919570852326765,0.6351325949654906,0.3201600136527768,B
0.35845047100549116,0.38488283971197246,0.6901655999054753,0.6073460507308845,0.5560316922449532,B
0.7850679257888217,0.3571305970823647,0.9965423781920721,0.5286961642334687,0.3787915762702735,B
0.6506115783510654,0.5876155345341167,0.6439971843310666,0.33474096973682516,0.7721622909470045,B
0.6641996370759398,0.1859936112862946,0.9985669620905667,0.6272858469569786,0.5603779644784487,B
0.20857253561186465,0.3125024088846112,0.999308061648055,0.4373099644901725,0.32092797530293293,B
0.26377059110724804,0.27102623895060635,8.097547390128553e-4,0.638668938964584,0.045888092198454446,B
0.13278936436558766,0.31372313961800724,0.9476245221905581,0.4709029916507576,0.4428058469754062,B
0.5001149220731123,1,0.6008909367968683,0.47235318909755547,0.6473644075134913,B
0.4508382030616213,0.7192033603159325,0.8809364792896498,0.3266780233271239,0.17655843617990558,B
0.1625643617749567,0.8482673838893144,0.2809270268624,0.3297081847464173,0.1971463081199045,B
0.8076328546963374,0.6047560675310538,9.94099148741266e-4,0.6384641717251915,0.49231227625733986,B
0.5809808796754605,0.3471272289508162,0.5343554040929488,0.4633184584316358,0.6538900271548704,B
0.9510566435060135,0.39347916085899615,0.16916093407588118,0.7009661141478137,0.3026463195784107,B
0.6795837159495669,0.5390408551369459,0.7113121942453401,0.3454439882221186,0.4970558364335901,B
0.6929685724067591,0.9648786096621247,0.528106343057462,0.495158892201048,0.6351312422467704,B
0.639579772196109,0.39763359641698265,0.5733115539401654,0.7549148770928893,0.5089900610028868,B
0.8589817902508655,0.16654750472211485,0.7279605031833162,0.7536419270679161,0.6484441089551619,B
0.12424703347554612,0.6874496069869298,0.9288764146698764,0.3533214945316147,0.6411251516136954,B
0.5422745077767875,0.3141947744433458,0.7224389459639357,0.5989577897775451,0.4402554914133257,B
0.2573008744804319,0.37401206778546536,0.03697929136823723,0.5900278525423988,0.4881132360147246,B
0.8652507223816603,0.2839270455355821,0.9308543094051308,0.4763469653372465,0.5097070113947147,B
0.2856224934957098,0.17434743246925197,0.9775951861048096,0.5820595360303651,0.5420217863782056,B
0.6932282863328703,0.5360977835247659,0.7783841338081886,0.5197828534963747,0.294834960839529,B
0.27206085556153936,0.05322782249840175,0.3504633626956365,0.20626387190435397,0.4575452514843915,B
0.7904132419453866,0.46442698722336234,0.9821177526596148,0.8079362188555731,0.4931951401229647,B
0.2707491648433635,0.49825441667221954,0.8893282419711195,0.8018327122674397,0.5853902950225922,B
0.3412603824849795,0.6330060979334248,0.16961625404040906,0.5925214506203127,0.7461216530388862,B
0.7351843694703856,0.42986647567930836,0.08257270565384717,0.7255558958762307,0.5747166713531515,B
0.8541632406391483,0.45078804979031306,0.9963347201677764,0.8802684016644837,0.5601949901264817,B
0.6259206930375704,0.6138177452242268,0.40424093126836486,0.6174178777092356,0.4888226405623086,B
0.6650356889755595,0.5353023900258783,0.45415096048502884,0.4883927914959468,0.3869955971502119,B
0.5591698155102164,0.15081841744631944,0.9987343060151163,0.14970789658823586,0.37164599210806065,B
0.07126653866307324,0.5190323386593677,0.9126615494126604,0.6501917315165882,0.36894468711911804,B
0.713687699440089,0.816160508498676,0.980431205122718,0.6400068162835124,0.671596245823139,B
0.6975097317173932,0.14219854243661342,0.04152476593009405,0.6331589467510217,0.5915070557196034,B
0.4032162576779546,0.0015142123023678432,0.4096788424210403,0.3904090859262236,0.31633009853717814,B
0.8057775089565808,0.17606935463698703,0.8908650391416756,0.5348375917554299,0,B
0.2597581857499703,0.3524424982651265,0.9721334849063423,0.23845362157020356,0.46134479525362787,B
0.19817209631211444,0.6095270663882909,0.0013832447545940327,0.7983994088192842,0.27657600812109606,B
0.889050139026824,0.744934250919314,0.16393454362757973,0.4713252513627662,0.5656613392482088,B
0.26222676075885115,0.25682738598772986,0,0.5485030376470705,0.5046617582464603,B
0.7064569782053032,0.5618021773874005,0.15090775203793652,0.5459897623953812,0.40497223509396507,B
0.9925702482107297,0.41814380636418963,0.6304434176653705,0.6930033020533032,0.5049588192291699,B
0.36193339666054786,0.3291258225750797,0.14787166704240015,0.42198665511329037,0.6230549717908599,B
0.07507880944525891,0.41617880840691424,0.9065258221846924,0.5515648442615793,0.8491250266153357,B
0.3678446722977814,0.6069548568833633,0.38044118024848955,0.37912005600819565,0.37267339976209557,B
0.15318312942949613,0.8580417594957856,0.3988582503816647,0.6829015645597949,0.7797745098267874,B
0.4643660797998429,0.9569443717516762,0.8398538900274869,0.8278150928296895,0.5126909087429117,B
0.8029801045396127,0.5520039793242052,0.9926998521598848,0.4005501995563355,0.3541643038272781,B
0.29107626050525703,0.16310115811123643,0.9713074560931316,0.4103279386371375,0.24570547013787536,B
0.4835797722003898,0.3261945901426335,0.574330045792113,0.4763700841402081,0.2206815760321929,B
0.9801046998115156,0.38599959417464835,0.31421912503668187,0.36944150158288913,0.4937336165069872,B
0.41719919089987306,0.005465772277451414,0.663043224123357,0.6074221977321584,0.7780958960595061,B
0.49521874815768924,0.6712839427816214,0.36732633789018804,0.7031922596170211,0.5583622650984639,B
0.6302704916181172,0.8447531899890647,0.01012882163117535,0.6072109436276834,0.22542441029012644,B
0.3449856763866898,0.37753234269619595,0.22465913504181598,0.5248178557587257,0.37015401871063697,B
0.24609645792210938,0.6296723022160543,0.021162303016350963,0.44885487105809085,0.4147229072634741,B
0.7425424633812197,0.35852022576898207,0.9690966633437128,0.6874993922497606,0.33544125375067924,B
0.17722126128168877,0.4755923665901859,0.9989352586020789,0.5342268356082662,0.5538055384475251,B
0.5859207581268675,0.6912285201130279,0.16408951013545728,0.42364647617852746,0.3229854464360336,B
0.4679390155390702,0.31324481825471734,0.7181334684819012,0.9465104690074949,0.8976673888869942,B
0.5155576886163185,0.009343147645424835,0.26346562760484893,0.5030062484376141,0.4025228250884428,B
0.7222319986339387,0.7453806191176151,0.9999053765631574,0.7175483597647488,0.6469647416813535,B
0.4305634320925805,0.2534840380718214,0.931871843800887,0.31976865965567297,0.20277545224694704,B
0.5852558502742908,0.2878576607482123,0.8715406090310466,0.5228517228886782,0.4743906949418206,B
0.20896060097318847,0.29971020283317296,0.9978667414730531,0.7073568731638152,0.4644046063320322,B
0.39753107407723587,0,0.47897911374276697,0.4295308630888883,0.49643872529846583,B
0.9154667268399348,0.2791818172077775,0.18925756949493072,0.8951498144331962,0.7749287673274787,B
0.3205667717019404,0.4039881645384444,0.8040022693677334,0.6711636524769425,0.2912499511858667,B
0.8669892801220005,0.3345544851080454,0.9622700537773213,0.5824999147114167,0.560450221826822,B
0.5879776335756144,0.6912122170631461,0.16141563897760047,0.5606292137632785,0.5235503199312941,B
0.48274112812568803,0.05486545469903259,0.10485946398705209,0.5581606351369899,0.7468856164241807,B
0.18019170201437615,0.4449458538202924,0.9990122295537593,0.595613332507714,0.6194591724505791,B
0.639063373047275,0.38830117791192426,0.6420453076269325,0.7211559533302364,0.6306862145264377,B
0.08714144164455251,0.31145457139495353,0.14189060261002517,0.4414346816222184,0.4997901173181614,B
0.13255120146813276,0.7741702274358857,0.1653838775095114,0.5824637609437302,0.46050245379717275,B
0.5650138083634518,0.7912052893704667,0.988420284976017,0.6840870626373136,0.5462573840015684,B
0.27881316251352395,0.6415466714469267,0.04651288601647745,0.49995365096074723,0.5626967552929433,B
0.638120042360808,0.8224585680240788,0.0022556702531738,0.4362551540726149,0.4751863982304687,B
0.7398735167025362,0.7407637902775605,1.9698675546722067e-4,0.43364452162761313,0.9822491783616997,B
0.6905981581895195,0.5437718172054965,0.7744431501387398,0.7194804322548605,0.7682379851208284,B
0.358680543157022,0.3337000325089475,0.15188122055761039,0.5605976245624846,0.7691133519267805,B
0.5292794701308866,0.7561909972592583,0.05432876746664297,0.4516112652389563,0.5329522729310996,B
0.19074243104323718,0.29995563474596343,0.008468551769489447,0.7460080000612225,0.4589161977616319,B
0.2581590986441554,0.614623557259018,0.04002741383137197,0.3675752012877424,0.6026127710830215,B
0.9451785480007033,0.6293115467796586,0.17579026785416824,0.5053065665717964,0.35854431334961223,B
0.6553148408812887,0.917000617647077,0.12128221317146663,0.3072140674938288,0.540851268086786,B
0.6737168846205189,0.5045862329786487,0.6219655686925885,0.804038475264491,0.2934017520710432,B
0.9531471367481487,0.7116919396842926,0.4014592528889563,0.7841436235269021,0.28942853802800855,B
0.30044064537715603,0.8141877716051662,0.013190109369832838,0.12071015489701288,0.4114279869557346,B
0.49113521396904947,0.01696643669521477,0.22506637432324741,0.4894726491676804,0.7417556968865845,B
0.749287469912294,0.7160955582414478,2.1656048494886955e-4,0.5198945121157804,0.4512598908464241,B
0.7589445071992705,0.34183330349898294,0.9886467465650746,0.7348562830309883,0.4770228970267667,B
0.7081588071401189,0.1768333961241834,0.01672602550909804,0.46403003924210584,0.517497430354942,B
0.3220023645476448,0.9082950450741243,0.8754926846558283,0.7290338009935161,0.8704895357952381,B
0.6104111636243962,0.7299265032191343,0.9408517954645369,0.53933621340137194,0.38675692929821226,B
0.369478058327972,0.3392263480078346,0.8100178317357462,0.5548544004521069,0.3345221972283324,B
0.5765429756222316,0.26191481064372363,0.08008607426892053,0.5081771315048268,0.5145493348874673,B
0.5296052056133266,0.24946919861301262,0.07617436997885184,0.4802890191935045,0.48177844082252586,B
0.4155333950256231,0.29364164259707226,0.14188222941328038,0.3206622150332965,0.4129621566236511,B
0.4788806469239658,0.3236287638415086,0.6204077154301676,0.6948537418203052,0.5498801723593598,B
0.37159125878053534,0.10512478369157006,0.05061907441745647,0.39339452220789156,0.34670717388301003,B
0.5161850808919659,0.6674633479502046,0.4090585389580135,0.4139927550212589,0.5745740979423992,B
0.6957905194646257,0.9512793105272073,0.6827225631326306,0.2366169165781637,0.47599545907542384,B
0.9176418604927451,0.23894425284527968,0.29483425956588244,0.2764365557238017,0.5592751723110949,B
0.711985430020944,0.2849535245676028,0.013093539166717549,0.4664715071244858,0.49402861843905266,B
0.5209948531041332,0.32707092606748367,0.5615061235619967,0.32253538321719716,0.4529566126519278,B
0.5809105851173032,0.22983551091543844,0.9676503750094345,0.4530118527000345,0.4317785653321884,B
0.7761450039216637,0.8294249741832148,0.08688951333741127,0.3591519618491026,0.35485645829525264,B
0.5749672694276442,0.9394896640316172,0.8764065426528265,0.5623766372081344,0.2742875051060108,B
0.535973004800098,0.30624340858598753,0.2424641963838939,0.9477881639153101,0.7241063739281267,B
0.6735128729723715,0.49719995946383755,0.3828963549819635,0.7329569633631242,0.3054748919171138,B
0.7884253730318865,0.29554687375429306,0.0017418866760033232,0.36370058315575016,0.3607028379332982,B
0.21024225393353763,0.6927608555002166,0.9981552809692572,0.5454494107800408,0.4595761660623463,B
0.6606130346995424,0.08463211615284381,0.8948520973168309,0.49807877741419165,0.9172432964685908,B
0.19918727174658812,0.7307949828842905,0.018789205956559977,0.5650821496520034,0.8518492808167274,B
0.14731475143549122,0.8284893292169334,0.7357785547753412,0.514199556526224,0.44883451226881516,B
0.8579005140168243,0.7543863033526151,0.10687790252054133,0.6904044925333175,0.31379147453404066,B
0.6241050698760561,0.6160233312501491,0.40136225836366773,0.5583291932535381,0.02082812096037216,B
0.7128320853601556,0.7098825233151226,0.98844476551854,0.5283342086775589,0.6505465701704567,B
0.6904896572096096,0.6670070324180293,0.06278703096913632,0.2786860822789405,0.27175520542707854,B
0.514844517200775,0.14141177459858026,0.9975191895820094,0.6064342071611054,0.5627737912346721,B
0.305783520524479,0.9390642488715033,0.7501328115289768,0.9006472612893771,0.5434267570012883,B
0.32285079479124945,0.5276261929773679,0.6936480217824071,0.3443610885835907,0.37117687839177144,B
0.7253689739973423,0.6262615249747583,0.05545455317107994,0.5689461633396758,0.6595314778791914,B
0.46971309787106624,0.81006072498627,0.004534313467243157,0.6733319944424535,0.5723449871215406,B
0.12259615952293794,0.3741591181705362,0.035091187245499485,0.42334289735194147,0.22603683568599672,B
0.18151220090983133,0.10439670960707288,0.5157184763479874,0.6920965225284825,0.16419771121354396,B
0.34778053500297273,0.30310888091458454,0.9216772692653605,0.6802882632396468,0.5305221219810022,B
0.6305047960059811,0.3671759531419941,0.2979105798264253,0.38956795549103435,0.3516699951616016,B
0.24953313412994396,0.6277942401138359,0.9752023746344851,0.1545483474119181,0.31763502618112155,B
0.6276830785136445,0.3563248265237181,0.2625297273187174,0.4116329427201786,0.7289493364615441,B
0,0.5452129648770087,0.49409598623559964,0.4905507409483609,0.600383592568041,B
0.2667811435027394,0.050345909230958316,0.5892484358013619,0.5480139639483035,0.33368515248814157,B
0.26587241249881366,0.47253953133241305,0.9031760378784148,0.4489298043285962,0.4256703559248304,B
0.5513090581787479,0.18229843361030093,0.003550244934504351,0.7124117178965292,0.48471691226746066,B
0.1648374674946265,0.5263116896444612,1.8301687958671574e-5,0.5559803913292499,0.62666659866398,B
0.4467977459794527,0.29857045352634465,0.19152553571820985,0.7914650625791163,0.5186100407819767,B
0.877609216818492,0.6764258555963908,0.0625294054142095,0.3198540922357906,0.42364937267345015,B
0.42435025350369154,0.31504944882455094,0.22483545592849813,0.5251402011816712,0.5250418109545044,B
0.48045687491557026,0.6655441739859849,0.43378810664490575,0.2493925973653395,0.8595207334979703,B
0.6057423097101008,0.74913177642184,0.03736850062398273,0.7759069927482392,0.4286428883282781,B
0.18475087446228727,0.24501810794585954,0.9582629280017824,0.6847028981733381,0.7642802226874605,B
0.6778227741660077,0.45438159463844413,0.30149514147188805,0.47243046097176133,0.5746870484175222,B
0.49142286613689806,0.08783723020722768,0.045342477854218584,0.48158395208961863,0.552293696109097,B
0.8134285223553193,0.20794421669336796,0.9257434221897851,0.7014165441802093,0.40649156414483756,B
0.16094553403321385,0.686573729452724,0.9740119199728742,0.27630366848128823,0.689649931276896,B
0.7679983981314504,0.9256606236825444,0.5395177661572368,0.352515460574772,0.3682579949922993,B
0.42121019615519234,0.6798405316545423,0.7901279351668211,0.6231405031230004,0.5457353354740578,B
0.5401489232493208,0.31359744422685487,0.7231465164009409,0.7409051373368353,0.23470618874198357,B
0.6395708074895611,0.3880602290424719,0.6474406065991672,0.5450953801139493,0.47740218771990106,B
0.17632207873445166,0.11428418276208126,0.3879967308793253,0.2017498787094116,0.5081969499398454,B
0.5600887834094718,0.14031111439038593,0.9955050817443195,0.6345106513014555,0.27931621315000715,B
0.7353698337977813,0.4012188109227231,0.9345602378671685,0.5157225267186349,0.34968435876085147,B
0.7310972430471562,0.7271380917309238,0.9989815983235792,0.5043400902491518,0.6011032500943381,B
0.6102406811091495,0.10020536903489469,0.04882241112933547,0.7152159271054035,0.26322372602975186,B
0.5899579746505936,0.18362842237417756,0.9985664103108579,0.6961342116049823,0.2831601233807328,B
0.21960842193107433,0.8814194211191101,0.22029918877268598,0.5289690366505955,0.46255432071181024,B
0.6946507514233822,0.36442807740293387,0.8971797299713181,0.6794029746728183,0.6904247057755244,B
0.06947087815641159,0.4752153514678105,0.09088460863933924,0.5934923725140965,0.6377946319293759,B
0.4432533503480595,0.6875682096742616,0.7882241039166139,0.7126217478248199,0.47567680796120737,B
0.33251381900169297,0.5092568071400279,0.4397594872037745,0.5906862296248158,0.5465555406109277,B
0.3391211141537505,0.6998052397897373,0.9447523354483014,0.596880063791323,0.5095819998264585,B
0.6638138581280372,0.5791138509996218,0.7037767778666488,0.34464142341924814,0.3732081588738058,B
0.18964780312333904,0.1779751401709482,0.88283658292531,0.543992210796354,0.0893684992331102,B
0.4555005752898858,0.054776415655139576,0.10971308367908285,0.4461626162957954,0.44506147157001447,B
0.6720078174788592,0.020205527616281766,0.5539955110267819,0.5191805453671717,0.587116571940652,B
0.22952944908481737,0.11767939295730667,0.17647538883889238,0.48814900194688937,0.5922820865645443,B
0.8356163110255194,0.12501449927477779,0.3703813414697026,0.8367706427757693,0.5100009206097326,B
0.2676395303859306,0.5735515763165147,0.9221980262852197,0.6520977341825391,0.6470472346321112,B
0.9312789003033897,0.7596000534616651,0.49643993324479757,0.3251761530584904,0.6316816585885515,B
0.31001158386410704,0.028792123560307917,0.5708380806483903,0.510069103654144,0.34550704566954216,B
0.4419359874355478,0.708534146124028,0.14094404256178403,0.3345624806767218,0.045308809469128894,B
0.7213226279277853,0.6064831215688176,0.9226873928595283,0.22308287821586673,0.2190565456553684,B
